{
    "accuracy": 0.5166666666666667,
    "precision": 0.4594594594594595,
    "recall": 0.6538461538461539,
    "f1_score": 0.5396825396825397,
    "confusion_matrix": [
        [
            14,
            20
        ],
        [
            9,
            17
        ]
    ],
    "roc_curve": {
        "fpr": [
            0.0,
            0.029411764705882353,
            0.08823529411764706,
            0.08823529411764706,
            0.11764705882352941,
            0.11764705882352941,
            0.14705882352941177,
            0.14705882352941177,
            0.20588235294117646,
            0.20588235294117646,
            0.2647058823529412,
            0.2647058823529412,
            0.29411764705882354,
            0.29411764705882354,
            0.3235294117647059,
            0.3235294117647059,
            0.38235294117647056,
            0.38235294117647056,
            0.5588235294117647,
            0.5588235294117647,
            0.5882352941176471,
            0.5882352941176471,
            0.6470588235294118,
            0.6470588235294118,
            0.7941176470588235,
            0.7941176470588235,
            0.8235294117647058,
            0.8235294117647058,
            0.8529411764705882,
            0.8529411764705882,
            0.9117647058823529,
            0.9117647058823529,
            1.0
        ],
        "tpr": [
            0.0,
            0.0,
            0.0,
            0.11538461538461539,
            0.11538461538461539,
            0.15384615384615385,
            0.15384615384615385,
            0.19230769230769232,
            0.19230769230769232,
            0.3076923076923077,
            0.3076923076923077,
            0.4230769230769231,
            0.4230769230769231,
            0.46153846153846156,
            0.46153846153846156,
            0.5384615384615384,
            0.5384615384615384,
            0.5769230769230769,
            0.5769230769230769,
            0.6153846153846154,
            0.6153846153846154,
            0.7692307692307693,
            0.7692307692307693,
            0.8076923076923077,
            0.8076923076923077,
            0.8846153846153846,
            0.8846153846153846,
            0.9230769230769231,
            0.9230769230769231,
            0.9615384615384616,
            0.9615384615384616,
            1.0,
            1.0
        ],
        "auc": 0.576923076923077
    }
}