{
    "accuracy": 0.4266666666666667,
    "precision": 0.15527950310559005,
    "recall": 0.4098360655737705,
    "f1_score": 0.22522522522522523,
    "confusion_matrix": [
        [
            103,
            136
        ],
        [
            36,
            25
        ]
    ],
    "roc_curve": {
        "fpr": [
            0.0,
            0.5690376569037657,
            1.0
        ],
        "tpr": [
            0.0,
            0.4098360655737705,
            1.0
        ],
        "auc": 0.4203992043350024
    }
}